supplier_brand,display_name,brand_group,final_status
Maison Margiela,Maison Margiela,Maison Margiela,HERO
Versace,Versace,Versace,HERO
Dolce&Gabbana,Dolce & Gabbana,Dolce & Gabbana,HERO
Valentino Garavani,Valentino Garavani,Valentino,HERO
ROGER VIVIER,ROGER VIVIER,ROGER VIVIER,HERO
Balenciaga,Balenciaga,Balenciaga,HERO
The Attico,The Attico,The Attico,HERO
Valentino,Valentino,Valentino,HERO
Christian Louboutin,Christian Louboutin,Christian Louboutin,HERO
Jimmy Choo,Jimmy Choo,Jimmy Choo,HERO
Moncler,Moncler,Moncler,HERO
TOTEME,TOTEME,TOTEME,HERO
Brunello Cucinelli,Brunello Cucinelli,Brunello Cucinelli,HERO
Dries Van Noten,Dries Van Noten,Dries Van Noten,SHOW
Thom Browne,Thom Browne,Thom Browne,SHOW
Chloé,Chloé,Chloé,HERO
ISABEL MARANT,ISABEL MARANT,Isabel Marant,HERO
Max Mara,Max Mara,Max Mara,HERO
Tom Ford,Tom Ford,Tom Ford,HERO
Ferragamo,Ferragamo,Ferragamo,HERO
Victoria Beckham,Victoria Beckham,Victoria Beckham,HERO
Burberry,Burberry,Burberry,HERO
Golden Goose,Golden Goose,Golden Goose,HERO
JACQUEMUS,JACQUEMUS,JACQUEMUS,HERO
ZEGNA,ZEGNA,ZEGNA,HERO
Givenchy,Givenchy,Givenchy,HERO
Ami Paris,Ami Paris,Ami Paris,HERO
LEMAIRE,LEMAIRE,LEMAIRE,SHOW
Tagliatore,Tagliatore,Tagliatore,SHOW
JW Anderson,JW Anderson,JW Anderson,SHOW
Stella McCartney,Stella McCartney,Stella McCartney,SHOW
Stone Island,Stone Island,Stone Island,HERO
Aquazzura,Aquazzura,Aquazzura,HERO
Lardini,Lardini,Lardini,SHOW
Jil Sander,Jil Sander,Jil Sander,HERO
MM6 Maison Margiela,MM6 Maison Margiela,MM6 Maison Margiela,SHOW
Paris Texas,Paris Texas,Paris Texas,HERO
Blancha,Blancha,Blancha,SHOW
Blazé Milano,Blazé Milano,Blazé Milano,SHOW
Zanellato,Zanellato,Zanellato,SHOW
BB Couture,BB Couture,BB Couture,SHOW
Dear Frances,Dear Frances,Dear Frances,SHOW
FANE,FANE,FANE,SHOW
Harris Wharf London,Harris Wharf London,Harris Wharf London,SHOW
Our Legacy,Our Legacy,Our Legacy,SHOW
Róhe,Róhe,Róhe,SHOW
SEASE,SEASE,SEASE,SHOW
THE ANDAMANE,THE ANDAMANE,THE ANDAMANE,SHOW
Alessandra Rich,Alessandra Rich,Alessandra Rich,SHOW
Luigi Bianchi,Luigi Bianchi,Luigi Bianchi,SHOW
SAVETTE,SAVETTE,SAVETTE,SHOW
Alanui,Alanui,Alanui,SHOW
Déhanche,Déhanche,Déhanche,SHOW
Moncler Grenoble,Moncler Grenoble,Moncler,SHOW
Sacai,Sacai,Sacai,SHOW
Acne Studios,Acne Studios,Acne Studios,SHOW
AMIRI,AMIRI,AMIRI,SHOW
Christopher Esber,Christopher Esber,Christopher Esber,SHOW
Francesco Murano,Francesco Murano,Francesco Murano,SHOW
Guest In Residence,Guest In Residence,Guest In Residence,SHOW
LISA YANG,LISA YANG,LISA YANG,SHOW
Manu Atelier,Manu Atelier,Manu Atelier,SHOW
PANCONESI,PANCONESI,PANCONESI,SHOW
ROTATE,ROTATE,ROTATE,SHOW
Self-Portrait,Self-Portrait,Self-Portrait,SHOW
Courrèges,Courrèges,Courrèges,SHOW
Doucal's,Doucal's,Doucal's,SHOW
extreme cashmere,extreme cashmere,extreme cashmere,SHOW
Herno Laminar,Herno Laminar,Herno,SHOW
Salvatore Santoro,Salvatore Santoro,Salvatore Santoro,SHOW
Maison Kitsuné,Maison Kitsuné,Maison Kitsuné,SHOW
Vivienne Westwood,Vivienne Westwood,Vivienne Westwood,SHOW
Willy Chavarria,Willy Chavarria,Willy Chavarria,SHOW
Yuzefi,Yuzefi,Yuzefi,SHOW
Alexander McQueen,Alexander McQueen,Alexander McQueen,HERO
ALEXANDRA GOLOVANOFF,ALEXANDRA GOLOVANOFF,ALEXANDRA GOLOVANOFF,SHOW
Arma,Arma,Arma,SHOW
Canada Goose,Canada Goose,Canada Goose,SHOW
Church's,Church's,Church's,SHOW
Durazzi Milano,Durazzi Milano,Durazzi Milano,SHOW
ETRO,ETRO,ETRO,SHOW
HAIKURE,HAIKURE,HAIKURE,SHOW
Jude,Jude,Jude,SHOW
LII,LII,LII,SHOW
Mother,Mother,Mother,SHOW
Nour Hammour,Nour Hammour,Nour Hammour,SHOW
STUDIO NICHOLSON,STUDIO NICHOLSON,STUDIO NICHOLSON,SHOW
THEMOIRè,THEMOIRè,THEMOIRè,SHOW
ANINE BING,ANINE BING,ANINE BING,SHOW
Cordera,Cordera,Cordera,SHOW
Drumohr,Drumohr,Drumohr,SHOW
HALFBOY,HALFBOY,HALFBOY,SHOW
ISABEL MARANT Étoile,ISABEL MARANT Étoile,Isabel Marant,SHOW
Citizens of Humanity,Citizens of Humanity,Citizens of Humanity,SHOW
Paraboot,Paraboot,Paraboot,SHOW
PT Torino Denim,PT Torino Denim,PT Torino,SHOW
Santaniello,Santaniello,Santaniello,SHOW
Auralee,Auralee,Auralee,SHOW
JEANERICA,JEANERICA,JEANERICA,SHOW
LouLou De Saison,LouLou De Saison,LouLou De Saison,SHOW
Patou,Patou,Patou,SHOW
Soft Goat,Soft Goat,Soft Goat,SHOW
C.P. Company,C.P. Company,C.P. Company,SHOW
IVY OAK,IVY OAK,IVY OAK,SHOW
NAMACHEKO,NAMACHEKO,NAMACHEKO,SHOW
'S Max Mara,S Max Mara,Max Mara,SHOW
A.P.C.,A.P.C.,A.P.C.,SHOW
AGOLDE,AGOLDE,AGOLDE,SHOW
DARKPARK,DARKPARK,DARKPARK,SHOW
Marc Jacobs,Marc Jacobs,Marc Jacobs,SHOW
Max Mara Studio,Max Mara Studio,Max Mara,SHOW
PT Torino,PT Torino,PT Torino,SHOW
Roberto Collina,Roberto Collina,Roberto Collina,SHOW
A.EMERY,A.EMERY,A.EMERY,SHOW
Alberta Ferretti,Alberta Ferretti,Alberta Ferretti,SHOW
ANDREĀDAMO,ANDREĀDAMO,ANDREĀDAMO,SHOW
Giuseppe di Morabito,Giuseppe di Morabito,Giuseppe di Morabito,SHOW
Le Monde Béryl,Le Monde Béryl,Le Monde Béryl,SHOW
Max Mara Atelier,Max Mara Atelier,Max Mara,SHOW
P.A.R.O.S.H.,P.A.R.O.S.H.,P.A.R.O.S.H.,SHOW
Sartore,Sartore,Sartore,SHOW
TATRAS,TATRAS,TATRAS,SHOW
The Frankie Shop,The Frankie Shop,The Frankie Shop,SHOW
Comme des Garçons Shirt,Comme des Garçons Shirt,Comme des Garçons Shirt,SHOW
Coperni,Coperni,Coperni,SHOW
Federica Tosi,Federica Tosi,Federica Tosi,SHOW
HERNO,Herno,Herno,SHOW
Hibourama,Hibourama,Hibourama,SHOW
Max Mara Pianoforte,Max Mara Pianoforte,Max Mara,SHOW
SIMKHAI,SIMKHAI,SIMKHAI,SHOW
Sportmax,Sportmax,Sportmax,SHOW
JOHN SMEDLEY,JOHN SMEDLEY,JOHN SMEDLEY,SHOW
Schneiders,Schneiders,Schneiders,HIDE
Weekend Max Mara,Weekend Max Mara,Max Mara,SHOW
Frame,Frame,Frame,SHOW
GANNI,GANNI,GANNI,SHOW
Max Mara The Cube,Max Mara The Cube,Max Mara,SHOW
Parajumpers,Parajumpers,Parajumpers,SHOW
David Koma,David Koma,David Koma,SHOW
Longchamp,Longchamp,Longchamp,SHOW
Entire Studios,Entire Studios,Entire Studios,SHOW
Moose Knuckles,Moose Knuckles,Moose Knuckles,SHOW
MARIA LUCA,MARIA LUCA,MARIA LUCA,SHOW
MKDT Studio,MKDT Studio,MKDT Studio,SHOW
Moncler + Rick Owens,Moncler + Rick Owens,Moncler,SHOW
Sturlini,Sturlini,Sturlini,HIDE
the garment,the garment,the garment,HIDE
Balmain,Balmain,Balmain,SHOW
éliou,éliou,éliou,HIDE
Destin,Destin,Destin,SHOW
Manebí,Manebí,Manebí,SHOW
Rue de Verneuil,Rue de Verneuil,Rue de Verneuil,SHOW
Sanderlak,Sanderlak,Sanderlak,SHOW
Sword 6644,Sword 6644,Sword 6644,SHOW
You Must Create,You Must Create,You Must Create,HIDE
Barbour,Barbour,Barbour,HIDE
OAMC,OAMC,OAMC,HIDE
Source Unknown,Source Unknown,Source Unknown,HIDE
VItoVI,VItoVI,VItoVI,HIDE
ANOTHER CHANCE,ANOTHER CHANCE,ANOTHER CHANCE,HIDE
Dr. Martens x Rick Owens,Dr. Martens x Rick Owens,Dr. Martens x Rick Owens,HIDE
FLORE FLORE,FLORE FLORE,FLORE FLORE,SHOW
MM6 X Salomon,MM6 X Salomon,MM6 Maison Margiela,HIDE
Moncler X FRGMT,Moncler X FRGMT,Moncler,HIDE
Tekla,Tekla,Tekla,HIDE
Thestroy,Thestroy,Thestroy,HIDE
VINNY's,VINNY's,VINNY's,HIDE
XACUS,XACUS,XACUS,SHOW
Dunst,Dunst,Dunst,SHOW
FARM Rio,FARM Rio,FARM Rio,HIDE
Fear of God,Fear of God,Fear of God,HIDE
Maison MIHARA YASUHIRO,Maison MIHARA YASUHIRO,Maison MIHARA YASUHIRO,HIDE
VALESQUE,VALESQUE,VALESQUE,HIDE
Berwick 1707,Berwick 1707,Berwick 1707,HIDE
Heavenly Jelly,Heavenly Jelly,Heavenly Jelly,HIDE
Off-White™,Off-White,Off-White,SHOW
ROA,ROA,ROA,HIDE
Séfr,Séfr,Séfr,HIDE
TheLatest,TheLatest,TheLatest,HIDE
Cassell,Cassell,Cassell,HIDE
Dsquared2,Dsquared2,Dsquared2,SHOW
Moncler x Mercedes-Benz by Nigo,Moncler x Mercedes-Benz by Nigo,Moncler,HIDE
Palm Angels,Palm Angels,Palm Angels,SHOW
QUELLEDUE,QUELLEDUE,QUELLEDUE,HIDE
6397,6397,6397,SHOW
Gallery Dept.,Gallery Dept.,Gallery Dept.,HIDE
Moschino,Moschino,Moschino,SHOW
AUTRY,AUTRY,AUTRY,HIDE
Sebago,Sebago,Sebago,HIDE
Santha,Santha,Santha,HIDE
Semicouture,Semicouture,Semicouture,HIDE
1989 STUDIO,1989 STUDIO,1989 STUDIO,HIDE
Diesel,Diesel,Diesel,HIDE
Moncler Genius,Moncler Genius,Moncler,SHOW
Moncler X A$AP Rocky,Moncler X A$AP Rocky,Moncler,HIDE
Moncler X Edward Enninful,Moncler X Edward Enninful,Moncler,HIDE
Needles,Needles,Needles,HIDE
RETROSUPERFUTURE,RETROSUPERFUTURE,RETROSUPERFUTURE,HIDE
Sacai x Carhartt WIP,Sacai x Carhartt WIP,Sacai x Carhartt WIP,HIDE
Salomon,Salomon,Salomon,HIDE
ALMADA LABEL,ALMADA LABEL,ALMADA LABEL,SHOW
DEPARTMENT 5,DEPARTMENT 5,DEPARTMENT 5,HIDE
Malina,Malina,Malina,HIDE
Represent,Represent,Represent,HIDE
Satisfy,Satisfy,Satisfy,HIDE
DAGGER,DAGGER,DAGGER,HIDE
Margaux Lönnberg,Margaux Lönnberg,Margaux Lönnberg,HIDE
Moon Boot,Moon Boot,Moon Boot,SHOW
SENSO,SENSO,SENSO,HIDE
Le Bonnet,Le Bonnet,Le Bonnet,HIDE
UGG,UGG,UGG,HIDE
Village PM,Village PM,Village PM,HIDE
Birkenstock,Birkenstock,Birkenstock,HIDE
Castañer,Castañer,Castañer,HIDE
DONE!,DONE!,DONE!,HIDE
Valentino Garavani X Vans,Valentino Garavani X Vans,Valentino,HIDE
Tretorn,Tretorn,Tretorn,HIDE
BAPE,BAPE,BAPE,HIDE
Hiking Patrol,Hiking Patrol,Hiking Patrol,HIDE
Champion x Rick Owens,Champion x Rick Owens,Champion x Rick Owens,HIDE
adidas Y-3,adidas Y-3,adidas,HIDE
Mizuno,Mizuno,Mizuno,HIDE
adidas by Wales Bonner Y-3,adidas by Wales Bonner Y-3,adidas,HIDE
Hoka One One,Hoka One One,Hoka One One,HIDE
Brain Dead,Brain Dead,Brain Dead,HIDE
adidas by Wales Bonner,adidas by Wales Bonner,adidas,HIDE
Fear of God Essentials,Fear of God Essentials,Fear of God Essentials,HIDE
On,On,On,HIDE
New Amsterdam Surf Association,New Amsterdam Surf Association,New Amsterdam Surf Association,HIDE
ASICS,ASICS,ASICS,HIDE
The North Face,The North Face,The North Face,HIDE
Basketcase Gallery,Basketcase Gallery,Basketcase Gallery,HIDE
Polo Ralph Lauren,Polo Ralph Lauren,Polo Ralph Lauren,HIDE
Purple Mountain Observatory,Purple Mountain Observatory,Purple Mountain Observatory,HIDE
TASCHEN,TASCHEN,TASCHEN,HIDE
adidas Statement,adidas Statement,adidas,HIDE
adidas x Brain Dead,adidas x Brain Dead,adidas,HIDE
Awake NY,Awake NY,Awake NY,HIDE
Calvin Klein,Calvin Klein,Calvin Klein,HIDE
adidas Originals,adidas Originals,adidas,HIDE
American Vintage,American Vintage,American Vintage,HIDE
Bobo Choses,Bobo Choses,Bobo Choses,HIDE
Bon Ton Toys,Bon Ton Toys,Bon Ton Toys,HIDE
Bonpoint,Bonpoint,Bonpoint,HIDE
Búho,Búho,Búho,HIDE
Champion,Champion,Champion,HIDE
DICKIES,DICKIES,DICKIES,HIDE
Douuod,Douuod,Douuod,HIDE
Egmont Toys,Egmont Toys,Egmont Toys,HIDE
Il Gufo,Il Gufo,Il Gufo,HIDE
Jellycat,Jellycat,Jellycat,HIDE
K-Way,K-Way,K-Way,HIDE
KENZO,KENZO,KENZO,HIDE
Kid's Concept,Kid's Concept,Kid's Concept,HIDE
Konges Sløjd,Konges Sløjd,Konges Sløjd,HIDE
Le Toy Van,Le Toy Van,Le Toy Van,HIDE
Liewood,Liewood,Liewood,HIDE
MC2 Saint Barth,MC2 Saint Barth,MC2 Saint Barth,HIDE
Mini Rodini,Mini Rodini,Mini Rodini,HIDE
Minois Paris,Minois Paris,Minois Paris,HIDE
Oli&Carol,Oli&Carol,Oli&Carol,HIDE
Piedàterre Venezia,Piedàterre Venezia,Piedàterre Venezia,HIDE
Teddy & Minou,Teddy & Minou,Teddy & Minou,HIDE
TINYCOTTONS,TINYCOTTONS,TINYCOTTONS,HIDE
VANS,VANS,VANS,HIDE
Victoria,Victoria,Victoria,HIDE
